urls,Absolute URLs
https://www.wikiparfum.com/en/fragrances?filter-brand=a-fragrance-story#catalogue,https://www.wikiparfum.com/en/fragrances/wilde
https://www.wikiparfum.com/en/fragrances?filter-brand=a-fragrance-story#catalogue,https://www.wikiparfum.com/en/fragrances/o-feminin
https://www.wikiparfum.com/en/fragrances?filter-brand=a-fragrance-story#catalogue,https://www.wikiparfum.com/en/fragrances/miss-dior-parfum
https://www.wikiparfum.com/en/fragrances?filter-brand=a-fragrance-story#catalogue,https://www.wikiparfum.com/en/fragrances/la-vie-est-belle-rose-extraordinaire
https://www.wikiparfum.com/en/fragrances?filter-brand=a-fragrance-story#catalogue,https://www.wikiparfum.com/en/fragrances/karl-lagerfeld-pour-femme-rouge
https://www.wikiparfum.com/en/fragrances?filter-brand=a-fragrance-story#catalogue,https://www.wikiparfum.com/en/fragrances/fantasque
https://www.wikiparfum.com/en/fragrances?filter-brand=a-fragrance-story#catalogue,https://www.wikiparfum.com/en/fragrances/daisy-wild
https://www.wikiparfum.com/en/fragrances?filter-brand=a-fragrance-story#catalogue,https://www.wikiparfum.com/en/fragrances/phantom-intense
https://www.wikiparfum.com/en/fragrances?filter-brand=a-fragrance-story#catalogue,https://www.wikiparfum.com/en/fragrances/h24-herbes-vives-eau-de-parfum
https://www.wikiparfum.com/en/fragrances?filter-brand=a-fragrance-story#catalogue,https://www.wikiparfum.com/en/fragrances/fame-intense
https://www.wikiparfum.com/en/fragrances?filter-brand=a-fragrance-story#catalogue,https://www.wikiparfum.com/en/fragrances/linterdit-millesime-tubereuse-noire-2024
https://www.wikiparfum.com/en/fragrances?filter-brand=a-fragrance-story#catalogue,https://www.wikiparfum.com/en/fragrances/gentleman-givenchy-society-extreme
https://www.wikiparfum.com/en/fragrances?filter-brand=a-fragrance-story#catalogue,https://www.wikiparfum.com/en/fragrances/dance-midnight-star-2024
https://www.wikiparfum.com/en/fragrances?filter-brand=a-fragrance-story#catalogue,https://www.wikiparfum.com/en/fragrances/chloe-nomade-nuit-degypte
https://www.wikiparfum.com/en/fragrances?filter-brand=a-fragrance-story#catalogue,https://www.wikiparfum.com/en/fragrances/oud-alezan
https://www.wikiparfum.com/en/fragrances?filter-brand=a-fragrance-story#catalogue,https://www.wikiparfum.com/en/fragrances/bronze-goddess-nuit-2022
https://www.wikiparfum.com/en/fragrances?filter-brand=a-fragrance-story#catalogue,https://www.wikiparfum.com/en/fragrances/valentino-uomo-born-in-roma-green-stravaganza
https://www.wikiparfum.com/en/fragrances?filter-brand=a-fragrance-story#catalogue,https://www.wikiparfum.com/en/fragrances/valentino-donna-born-in-roma-green-stravaganza
https://www.wikiparfum.com/en/fragrances?filter-brand=a-fragrance-story#catalogue,https://www.wikiparfum.com/en/fragrances/chiffon-sorbet-2024
https://www.wikiparfum.com/en/fragrances?filter-brand=a-fragrance-story#catalogue,https://www.wikiparfum.com/en/fragrances/bronze-goddess-flora-verde-2024
https://www.wikiparfum.com/en/fragrances?filter-brand=a-fragrance-story#catalogue,https://www.wikiparfum.com/en/fragrances/strawberry-letter
https://www.wikiparfum.com/en/fragrances?filter-brand=a-fragrance-story#catalogue,https://www.wikiparfum.com/en/fragrances/mercedes-benz-sign-your-power
https://www.wikiparfum.com/en/fragrances?filter-brand=a-fragrance-story#catalogue,https://www.wikiparfum.com/en/fragrances/bloom-30950
https://www.wikiparfum.com/en/fragrances?filter-brand=a-fragrance-story#catalogue,https://www.wikiparfum.com/en/fragrances/cristal-royal-leau
https://www.wikiparfum.com/en/fragrances?filter-brand=a-fragrance-story#catalogue,https://www.wikiparfum.com/en/fragrances/vibrant-musk
https://www.wikiparfum.com/en/fragrances?filter-brand=a-lab-on-fire#catalogue,https://www.wikiparfum.com/en/fragrances/wilde
https://www.wikiparfum.com/en/fragrances?filter-brand=a-lab-on-fire#catalogue,https://www.wikiparfum.com/en/fragrances/o-feminin
https://www.wikiparfum.com/en/fragrances?filter-brand=a-lab-on-fire#catalogue,https://www.wikiparfum.com/en/fragrances/miss-dior-parfum
https://www.wikiparfum.com/en/fragrances?filter-brand=a-lab-on-fire#catalogue,https://www.wikiparfum.com/en/fragrances/la-vie-est-belle-rose-extraordinaire
